Product_Key,Product ID,Category,Sub-Category,Product Name
1,FUR-BO-10001798,Furniture,Bookcases,Bush Somerset Collection Bookcase
2,FUR-CH-10000454,Furniture,Chairs,"Hon Deluxe Fabric Upholstered Stacking Chairs, Rounded Back"
3,FUR-TA-10000577,Furniture,Tables,Bretford CR4500 Series Slim Rectangular Table
4,FUR-FU-10001487,Furniture,Furnishings,"Eldon Expressions Wood and Plastic Desk Accessories, Cherry Wood"
5,FUR-TA-10001539,Furniture,Tables,Chromcraft Rectangular Conference Tables
6,FUR-CH-10002774,Furniture,Chairs,"Global Deluxe Stacking Chair, Gray"
7,FUR-BO-10004834,Furniture,Bookcases,"Riverside Palais Royal Lawyers Bookcase, Royale Cherry Finish"
8,FUR-FU-10004848,Furniture,Furnishings,"Howard Miller 13-3/4"" Diameter Brushed Chrome Round Wall Clock"
9,FUR-FU-10003664,Furniture,Furnishings,"Electrix Architect's Clamp-On Swing Arm Lamp, Black"
10,FUR-BO-10002545,Furniture,Bookcases,"Atlantic Metals Mobile 3-Shelf Bookcases, Custom Colors"
11,FUR-CH-10004218,Furniture,Chairs,"Global Fabric Manager's Chair, Dark Gray"
12,FUR-FU-10001706,Furniture,Furnishings,Longer-Life Soft White Bulbs
13,FUR-CH-10003061,Furniture,Chairs,"Global Leather Task Chair, Black"
14,FUR-CH-10003968,Furniture,Chairs,Novimex Turbo Task Chair
15,FUR-FU-10000397,Furniture,Furnishings,Luxo Economy Swing Arm Lamp
16,FUR-CH-10001146,Furniture,Chairs,"Global Value Mid-Back Manager's Chair, Gray"
17,FUR-CH-10000513,Furniture,Chairs,High-Back Leather Manager's Chair
18,FUR-FU-10003708,Furniture,Furnishings,"Tenex Traditional Chairmats for Medium Pile Carpet, Standard Lip, 36"" x 48"""
19,FUR-FU-10000260,Furniture,Furnishings,"6"" Cubicle Wall Clock, Black"
20,FUR-FU-10003194,Furniture,Furnishings,"Eldon Expressions Desk Accessory, Wood Pencil Holder, Oak"
21,FUR-CH-10000863,Furniture,Chairs,Novimex Swivel Fabric Task Chair
22,FUR-FU-10003799,Furniture,Furnishings,"Seth Thomas 13 1/2"" Wall Clock"
23,FUR-FU-10000629,Furniture,Furnishings,9-3/4 Diameter Round Wall Clock
24,FUR-FU-10004006,Furniture,Furnishings,"Deflect-o DuraMat Lighweight, Studded, Beveled Mat for Low Pile Carpeting"
25,FUR-FU-10001934,Furniture,Furnishings,Magnifier Swing Arm Lamp
26,FUR-TA-10001768,Furniture,Tables,Hon Racetrack Conference Tables
27,FUR-FU-10002157,Furniture,Furnishings,Artistic Insta-Plaque
28,FUR-CH-10004063,Furniture,Chairs,Global Deluxe High-Back Manager's Chair
29,FUR-TA-10004534,Furniture,Tables,Bevis 44 x 96 Conference Tables
30,FUR-FU-10003773,Furniture,Furnishings,Eldon Cleatmat Plus Chair Mats for High Pile Carpets
31,FUR-FU-10000521,Furniture,Furnishings,"Seth Thomas 14"" Putty-Colored Wall Clock"
32,FUR-CH-10004287,Furniture,Chairs,SAFCO Arco Folding Chair
33,FUR-CH-10003817,Furniture,Chairs,"Global Value Steno Chair, Gray"
34,FUR-CH-10004698,Furniture,Chairs,"Padded Folding Chairs, Black, 4/Carton"
35,FUR-BO-10002613,Furniture,Bookcases,"Atlantic Metals Mobile 4-Shelf Bookcases, Custom Colors"
36,FUR-TA-10004289,Furniture,Tables,BoxOffice By Design Rectangular and Half-Moon Meeting Room Tables
37,FUR-FU-10002960,Furniture,Furnishings,"Eldon 200 Class Desk Accessories, Burgundy"
38,FUR-BO-10004695,Furniture,Bookcases,O'Sullivan 2-Door Barrister Bookcase in Odessa Pine
39,FUR-FU-10000087,Furniture,Furnishings,"Executive Impressions 14"" Two-Color Numerals Wall Clock"
40,FUR-TA-10003748,Furniture,Tables,Bevis 36 x 72 Conference Tables
41,FUR-CH-10004860,Furniture,Chairs,Global Low Back Tilter Chair
42,FUR-CH-10004477,Furniture,Chairs,"Global Push Button Manager's Chair, Indigo"
43,FUR-TA-10001705,Furniture,Tables,Bush Advantage Collection Round Conference Table
44,FUR-TA-10003473,Furniture,Tables,Bretford Rectangular Conference Table Tops
45,FUR-FU-10004017,Furniture,Furnishings,"Tenex Contemporary Contur Chairmats for Low and Medium Pile Carpet, Computer, 39"" x 49"""
46,FUR-FU-10000576,Furniture,Furnishings,Luxo Professional Fluorescent Magnifier Lamp with Clamp-Mount Base
47,FUR-FU-10004351,Furniture,Furnishings,Staple-based wall hangings
48,FUR-TA-10002607,Furniture,Tables,KI Conference Tables
49,FUR-FU-10002505,Furniture,Furnishings,Eldon 100 Class Desk Accessories
50,FUR-CH-10002965,Furniture,Chairs,"Global Leather Highback Executive Chair with Pneumatic Height Adjustment, Black"
51,FUR-FU-10003274,Furniture,Furnishings,Regeneration Desk Collection
52,FUR-TA-10002903,Furniture,Tables,"Bevis Round Bullnose 29"" High Table Top"
53,FUR-BO-10004709,Furniture,Bookcases,"Bush Westfield Collection Bookcases, Medium Cherry Finish"
54,FUR-FU-10004091,Furniture,Furnishings,"Howard Miller 13"" Diameter Goldtone Round Wall Clock"
55,FUR-CH-10001891,Furniture,Chairs,Global Deluxe Office Fabric Chairs
56,FUR-FU-10002918,Furniture,Furnishings,Eldon ClusterMat Chair Mat with Cordless Antistatic Protection
57,FUR-FU-10001861,Furniture,Furnishings,"Floodlight Indoor Halogen Bulbs, 1 Bulb per Pack, 60 Watts"
58,FUR-TA-10002533,Furniture,Tables,BPI Conference Tables
59,FUR-FU-10002671,Furniture,Furnishings,Electrix 20W Halogen Replacement Bulb for Zoom-In Desk Lamp
60,FUR-FU-10001918,Furniture,Furnishings,C-Line Cubicle Keepers Polyproplyene Holder With Velcro Backings
61,FUR-CH-10004086,Furniture,Chairs,Hon 4070 Series Pagoda Armless Upholstered Stacking Chairs
62,FUR-FU-10001756,Furniture,Furnishings,"Eldon Expressions Desk Accessory, Wood Photo Frame, Mahogany"
63,FUR-FU-10001588,Furniture,Furnishings,"Deflect-o SuperTray Unbreakable Stackable Tray, Letter, Black"
64,FUR-CH-10002602,Furniture,Chairs,DMI Arturo Collection Mission-style Design Wood Chair
65,FUR-FU-10001967,Furniture,Furnishings,Telescoping Adjustable Floor Lamp
66,FUR-CH-10003312,Furniture,Chairs,Hon 2090 ÃPillow SoftÃ Series Mid Back Swivel/Tilt Chairs
67,FUR-TA-10004575,Furniture,Tables,Hon 5100 Series Wood Tables
68,FUR-BO-10002268,Furniture,Bookcases,Sauder Barrister Bookcases
69,FUR-CH-10000785,Furniture,Chairs,Global Ergonomic Managers Chair
70,FUR-FU-10000023,Furniture,Furnishings,Eldon Wave Desk Accessories
71,FUR-TA-10004915,Furniture,Tables,"Office Impressions End Table, 20-1/2""H x 24""W x 20""D"
72,FUR-TA-10000617,Furniture,Tables,"Hon Practical Foundations 30 x 60 Training Table, Light Gray/Charcoal"
73,FUR-FU-10001935,Furniture,Furnishings,3M Hangers With Command Adhesive
74,FUR-TA-10002041,Furniture,Tables,"Bevis Round Conference Table Top, X-Base"
75,FUR-BO-10001972,Furniture,Bookcases,O'Sullivan 4-Shelf Bookcase in Odessa Pine
76,FUR-CH-10003956,Furniture,Chairs,Novimex High-Tech Fabric Mesh Task Chair
77,FUR-CH-10004886,Furniture,Chairs,Bevis Steel Folding Chairs
78,FUR-FU-10004712,Furniture,Furnishings,"Westinghouse Mesh Shade Clip-On Gooseneck Lamp, Black"
79,FUR-CH-10000015,Furniture,Chairs,Hon Multipurpose Stacking Arm Chairs
80,FUR-FU-10003347,Furniture,Furnishings,Coloredge Poster Frame
81,FUR-CH-10003396,Furniture,Chairs,Global Deluxe Steno Chair
82,FUR-FU-10000246,Furniture,Furnishings,Aluminum Document Frame
83,FUR-CH-10002372,Furniture,Chairs,Office Star - Ergonomically Designed Knee Chair
84,FUR-FU-10000206,Furniture,Furnishings,"GE General Purpose, Extra Long Life, Showcase & Floodlight Incandescent Bulbs"
85,FUR-CH-10000225,Furniture,Chairs,"Global Geo Office Task Chair, Gray"
86,FUR-CH-10002331,Furniture,Chairs,Hon 4700 Series Mobuis Mid-Back Task Chairs with Adjustable Arms
87,FUR-TA-10001889,Furniture,Tables,Bush Advantage Collection Racetrack Conference Table
88,FUR-BO-10002824,Furniture,Bookcases,Bush Mission Pointe Library
89,FUR-BO-10001601,Furniture,Bookcases,"Sauder Mission Library with Doors, Fruitwood Finish"
90,FUR-BO-10001337,Furniture,Bookcases,O'Sullivan Living Dimensions 2-Shelf Bookcases
91,FUR-TA-10001857,Furniture,Tables,Balt Solid Wood Rectangular Table
92,FUR-FU-10004864,Furniture,Furnishings,"Howard Miller 14-1/2"" Diameter Chrome Round Wall Clock"
93,FUR-FU-10000073,Furniture,Furnishings,Deflect-O Glasstique Clear Desk Accessories
94,FUR-CH-10001215,Furniture,Chairs,Global Troy Executive Leather Low-Back Tilter
95,FUR-FU-10001290,Furniture,Furnishings,Executive Impressions Supervisor Wall Clock
96,FUR-CH-10003379,Furniture,Chairs,Global Commerce Series High-Back Swivel/Tilt Chairs
97,FUR-CH-10000595,Furniture,Chairs,Safco Contoured Stacking Chairs
98,FUR-FU-10000448,Furniture,Furnishings,Tenex Chairmats For Use With Carpeted Floors
99,FUR-CH-10002647,Furniture,Chairs,"Situations Contoured Folding Chairs, 4/Set"
100,FUR-FU-10000723,Furniture,Furnishings,"Deflect-o EconoMat Studded, No Bevel Mat for Low Pile Carpeting"
101,FUR-CH-10002024,Furniture,Chairs,HON 5400 Series Task Chairs for Big and Tall
102,FUR-FU-10003039,Furniture,Furnishings,"Howard Miller 11-1/2"" Diameter Grantwood Wall Clock"
103,FUR-TA-10004256,Furniture,Tables,Bretford ÃJust In TimeÃ Height-Adjustable Multi-Task Work Tables
104,FUR-FU-10004020,Furniture,Furnishings,Advantus Panel Wall Acrylic Frame
105,FUR-CH-10004997,Furniture,Chairs,Hon Every-Day Series Multi-Task Chairs
106,FUR-FU-10001475,Furniture,Furnishings,"Contract Clock, 14"", Brown"
107,FUR-FU-10001979,Furniture,Furnishings,Dana Halogen Swing-Arm Architect Lamp
108,FUR-FU-10003849,Furniture,Furnishings,"DAX Metal Frame, Desktop, Stepped-Edge"
109,FUR-FU-10000010,Furniture,Furnishings,"DAX Value U-Channel Document Frames, Easel Back"
110,FUR-CH-10004853,Furniture,Chairs,"Global Manager's Adjustable Task Chair, Storm"
111,FUR-FU-10000221,Furniture,Furnishings,"Master Caster Door Stop, Brown"
112,FUR-CH-10001482,Furniture,Chairs,Office Star - Mesh Screen back chair with Vinyl seat
113,FUR-FU-10000732,Furniture,Furnishings,Eldon 200 Class Desk Accessories
114,FUR-FU-10003096,Furniture,Furnishings,"Master Giant Foot Doorstop, Safety Yellow"
115,FUR-FU-10002759,Furniture,Furnishings,12-1/2 Diameter Round Wall Clock
116,FUR-TA-10000688,Furniture,Tables,"Chromcraft Bull-Nose Wood Round Conference Table Top, Wood Base"
117,FUR-FU-10003553,Furniture,Furnishings,"Howard Miller 13-1/2"" Diameter Rosebrook Wall Clock"
118,FUR-BO-10004015,Furniture,Bookcases,"Bush Andora Bookcase, Maple/Graphite Gray Finish"
119,FUR-FU-10004071,Furniture,Furnishings,Luxo Professional Magnifying Clamp-On Fluorescent Lamps
120,FUR-FU-10003394,Furniture,Furnishings,"Tenex ""The Solids"" Textured Chair Mats"
121,FUR-TA-10002774,Furniture,Tables,Laminate Occasional Tables
122,FUR-BO-10003272,Furniture,Bookcases,O'Sullivan Living Dimensions 5-Shelf Bookcases
123,FUR-FU-10002253,Furniture,Furnishings,"Howard Miller 13"" Diameter Pewter Finish Round Wall Clock"
124,FUR-TA-10000198,Furniture,Tables,Chromcraft Bull-Nose Wood Oval Conference Tables & Bases
125,FUR-FU-10000222,Furniture,Furnishings,"Seth Thomas 16"" Steel Case Clock"
126,FUR-TA-10002228,Furniture,Tables,"Bevis Traditional Conference Table Top, Plinth Base"
127,FUR-BO-10001619,Furniture,Bookcases,O'Sullivan Cherrywood Estates Traditional Bookcase
128,FUR-FU-10003577,Furniture,Furnishings,Nu-Dell Leatherette Frames
129,FUR-TA-10001095,Furniture,Tables,Chromcraft Round Conference Tables
130,FUR-FU-10004306,Furniture,Furnishings,Electrix Halogen Magnifier Lamp
131,FUR-CH-10003746,Furniture,Chairs,Hon 4070 Series Pagoda Round Back Stacking Chairs
132,FUR-FU-10002597,Furniture,Furnishings,"C-Line Magnetic Cubicle Keepers, Clear Polypropylene"
133,FUR-CH-10002335,Furniture,Chairs,Hon GuestStacker Chair
134,FUR-BO-10004409,Furniture,Bookcases,"Safco Value Mate Series Steel Bookcases, Baked Enamel Finish on Steel, Gray"
135,FUR-CH-10004675,Furniture,Chairs,"Lifetime Advantage Folding Chairs, 4/Carton"
136,FUR-CH-10003199,Furniture,Chairs,Office Star - Contemporary Task Swivel Chair
137,FUR-FU-10004090,Furniture,Furnishings,"Executive Impressions 14"" Contract Wall Clock"
138,FUR-FU-10000794,Furniture,Furnishings,"Eldon Stackable Tray, Side-Load, Legal, Smoke"
139,FUR-CH-10001394,Furniture,Chairs,Global Leather Executive Chair
140,FUR-CH-10000665,Furniture,Chairs,"Global Airflow Leather Mesh Back Chair, Black"
141,FUR-BO-10001519,Furniture,Bookcases,O'Sullivan 3-Shelf Heavy-Duty Bookcases
142,FUR-FU-10003878,Furniture,Furnishings,"Linden 10"" Round Wall Clock, Black"
143,FUR-FU-10000965,Furniture,Furnishings,"Howard Miller 11-1/2"" Diameter Ridgewood Wall Clock"
144,FUR-FU-10001424,Furniture,Furnishings,Dax Clear Box Frame
145,FUR-BO-10003441,Furniture,Bookcases,"Bush Westfield Collection Bookcases, Fully Assembled"
146,FUR-TA-10001520,Furniture,Tables,"Lesro Sheffield Collection Coffee Table, End Table, Center Table, Corner Table"
147,FUR-TA-10002356,Furniture,Tables,Bevis Boat-Shaped Conference Table
148,FUR-FU-10003601,Furniture,Furnishings,"Deflect-o RollaMat Studded, Beveled Mat for Medium Pile Carpeting"
149,FUR-TA-10004154,Furniture,Tables,"Riverside Furniture Oval Coffee Table, Oval End Table, End Table with Drawer"
150,FUR-FU-10001940,Furniture,Furnishings,Staple-based wall hangings
151,FUR-FU-10004188,Furniture,Furnishings,Luxo Professional Combination Clamp-On Lamps
152,FUR-FU-10001095,Furniture,Furnishings,DAX Black Cherry Wood-Tone Poster Frame
153,FUR-FU-10002885,Furniture,Furnishings,Magna Visual Magnetic Picture Hangers
154,FUR-FU-10001602,Furniture,Furnishings,"Eldon Delta Triangular Chair Mat, 52"" x 58"", Clear"
155,FUR-FU-10002191,Furniture,Furnishings,G.E. Halogen Desk Lamp Bulbs
156,FUR-CH-10000309,Furniture,Chairs,Global Comet Stacking Arm Chair
157,FUR-FU-10003975,Furniture,Furnishings,Eldon Advantage Chair Mats for Low to Medium Pile Carpets
158,FUR-BO-10001811,Furniture,Bookcases,"Atlantic Metals Mobile 5-Shelf Bookcases, Custom Colors"
159,FUR-CH-10002304,Furniture,Chairs,"Global Stack Chair without Arms, Black"
160,FUR-FU-10000293,Furniture,Furnishings,Eldon Antistatic Chair Mats for Low to Medium Pile Carpets
161,FUR-FU-10004460,Furniture,Furnishings,"Howard Miller 12"" Round Wall Clock"
162,FUR-FU-10004622,Furniture,Furnishings,Eldon Advantage Foldable Chair Mats for Low Pile Carpets
163,FUR-CH-10002880,Furniture,Chairs,"Global High-Back Leather Tilter, Burgundy"
164,FUR-TA-10004147,Furniture,Tables,Hon 4060 Series Tables
165,FUR-BO-10002206,Furniture,Bookcases,"Bush Saratoga Collection 5-Shelf Bookcase, Hanover Cherry, *Special Order"
166,FUR-TA-10004086,Furniture,Tables,KI Adjustable-Height Table
167,FUR-FU-10001852,Furniture,Furnishings,"Eldon Regeneration Recycled Desk Accessories, Smoke"
168,FUR-TA-10001932,Furniture,Tables,"Chromcraft 48"" x 96"" Racetrack Double Pedestal Table"
169,FUR-CH-10002126,Furniture,Chairs,Hon Deluxe Fabric Upholstered Stacking Chairs
170,FUR-FU-10004952,Furniture,Furnishings,"C-Line Cubicle Keepers Polyproplyene Holder w/Velcro Back, 8-1/2x11, 25/Bx"
171,FUR-CH-10001270,Furniture,Chairs,Harbour Creations Steel Folding Chair
172,FUR-CH-10003973,Furniture,Chairs,GuestStacker Chair with Chrome Finish Legs
173,FUR-FU-10002268,Furniture,Furnishings,Ultra Door Push Plate
174,FUR-CH-10004540,Furniture,Chairs,Global Chrome Stack Chair
175,FUR-FU-10001867,Furniture,Furnishings,"Eldon Expressions Punched Metal & Wood Desk Accessories, Pewter & Cherry"
176,FUR-FU-10000076,Furniture,Furnishings,24-Hour Round Wall Clock
177,FUR-FU-10003268,Furniture,Furnishings,Eldon Radial Chair Mat for Low to Medium Pile Carpets
178,FUR-FU-10003691,Furniture,Furnishings,"Eldon Image Series Desk Accessories, Ebony"
179,FUR-TA-10004619,Furniture,Tables,Hon Non-Folding Utility Tables
180,FUR-BO-10004467,Furniture,Bookcases,Bestar Classic Bookcase
181,FUR-CH-10001708,Furniture,Chairs,Office Star - Contemporary Swivel Chair with Padded Adjustable Arms and Flex Back
182,FUR-FU-10003724,Furniture,Furnishings,Westinghouse Clip-On Gooseneck Lamps
183,FUR-FU-10003535,Furniture,Furnishings,Howard Miller Distant Time Traveler Alarm Clock
184,FUR-CH-10001973,Furniture,Chairs,Office Star Flex Back Scooter Chair with White Frame
185,FUR-BO-10003433,Furniture,Bookcases,Sauder Cornerstone Collection Library
186,FUR-FU-10002554,Furniture,Furnishings,"Westinghouse Floor Lamp with Metal Mesh Shade, Black"
187,FUR-CH-10003846,Furniture,Chairs,Hon Valutask Swivel Chairs
188,FUR-FU-10004960,Furniture,Furnishings,"Seth Thomas 12"" Clock w/ Goldtone Case"
189,FUR-FU-10004018,Furniture,Furnishings,Tensor Computer Mounted Lamp
190,FUR-CH-10002961,Furniture,Chairs,"Leather Task Chair, Black"
191,FUR-TA-10003008,Furniture,Tables,"Lesro Round Back Collection Coffee Table, End Table"
192,FUR-TA-10002958,Furniture,Tables,"Bevis Oval Conference Table, Walnut"
193,FUR-TA-10001676,Furniture,Tables,Hon 61000 Series Interactive Training Tables
194,FUR-TA-10002622,Furniture,Tables,"Bush Andora Conference Table, Maple/Graphite Gray Finish"
195,FUR-TA-10001039,Furniture,Tables,KI Adjustable-Height Table
196,FUR-FU-10003976,Furniture,Furnishings,"DAX Executive Solid Wood Document Frame, Desktop or Hang, Mahogany, 5 x 7"
197,FUR-CH-10004289,Furniture,Chairs,Global Super Steno Chair
198,FUR-TA-10002530,Furniture,Tables,"Iceberg OfficeWorks 42"" Round Tables"
199,FUR-FU-10001473,Furniture,Furnishings,DAX Wood Document Frame
200,FUR-CH-10000847,Furniture,Chairs,Global Executive Mid-Back Manager's Chair
201,FUR-FU-10004270,Furniture,Furnishings,"Eldon Image Series Desk Accessories, Burgundy"
202,FUR-TA-10003715,Furniture,Tables,Hon 2111 Invitation Series Corner Table
203,FUR-FU-10002456,Furniture,Furnishings,"Master Caster Door Stop, Large Neon Orange"
204,FUR-FU-10003981,Furniture,Furnishings,Eldon Wave Desk Accessories
205,FUR-BO-10000362,Furniture,Bookcases,Sauder Inglewood Library Bookcases
206,FUR-FU-10001488,Furniture,Furnishings,"Tenex 46"" x 60"" Computer Anti-Static Chairmat, Rectangular Shaped"
207,FUR-FU-10002937,Furniture,Furnishings,"GE 48"" Fluorescent Tube, Cool White Energy Saver, 34 Watts, 30/Box"
208,FUR-FU-10004415,Furniture,Furnishings,"Stacking Tray, Side-Loading, Legal, Smoke"
209,FUR-FU-10000758,Furniture,Furnishings,DAX Natural Wood-Tone Poster Frame
210,FUR-BO-10003965,Furniture,Bookcases,O'Sullivan Manor Hill 2-Door Library in Brianna Oak
211,FUR-FU-10002088,Furniture,Furnishings,Nu-Dell Float Frame 11 x 14 1/2
212,FUR-BO-10003966,Furniture,Bookcases,"Sauder Facets Collection Library, Sky Alder Finish"
213,FUR-TA-10001307,Furniture,Tables,"SAFCO PlanMaster Heigh-Adjustable Drafting Table Base, 43w x 30d x 30-37h, Black"
214,FUR-TA-10004607,Furniture,Tables,Hon 2111 Invitation Series Straight Table
215,FUR-BO-10000330,Furniture,Bookcases,"Sauder Camden County Barrister Bookcase, Planked Cherry Finish"
216,FUR-BO-10003159,Furniture,Bookcases,"Sauder Camden County Collection Libraries, Planked Cherry Finish"
217,FUR-FU-10001591,Furniture,Furnishings,Advantus Panel Wall Certificate Holder - 8.5x11
218,FUR-CH-10001854,Furniture,Chairs,Office Star - Professional Matrix Back Chair with 2-to-1 Synchro Tilt and Mesh Fabric Seat
219,FUR-FU-10001196,Furniture,Furnishings,DAX Cubicle Frames - 8x10
220,FUR-FU-10002553,Furniture,Furnishings,"Electrix Incandescent Magnifying Lamp, Black"
221,FUR-CH-10004754,Furniture,Chairs,"Global Stack Chair with Arms, Black"
222,FUR-FU-10002878,Furniture,Furnishings,"Seth Thomas 14"" Day/Date Wall Clock"
223,FUR-CH-10000988,Furniture,Chairs,Hon Olson Stacker Stools
224,FUR-FU-10001986,Furniture,Furnishings,"Dana Fluorescent Magnifying Lamp, White, 36"""
225,FUR-FU-10004973,Furniture,Furnishings,Flat Face Poster Frame
226,FUR-BO-10001918,Furniture,Bookcases,"Sauder Forest Hills Library with Doors, Woodland Oak Finish"
227,FUR-FU-10001617,Furniture,Furnishings,"Executive Impressions 8-1/2"" Career Panel/Partition Cubicle Clock"
228,FUR-TA-10004175,Furniture,Tables,"Hon 30"" x 60"" Table with Locking Drawer"
229,FUR-TA-10004767,Furniture,Tables,Safco Drafting Table
230,FUR-FU-10001889,Furniture,Furnishings,Ultra Door Pull Handle
231,FUR-CH-10000155,Furniture,Chairs,Global Comet Stacking Armless Chair
232,FUR-FU-10004093,Furniture,Furnishings,Hand-Finished Solid Wood Document Frame
233,FUR-FU-10001037,Furniture,Furnishings,"DAX Charcoal/Nickel-Tone Document Frame, 5 x 7"
234,FUR-CH-10003981,Furniture,Chairs,Global Commerce Series Low-Back Swivel/Tilt Chairs
235,FUR-BO-10000468,Furniture,Bookcases,O'Sullivan 2-Shelf Heavy-Duty Bookcases
236,FUR-CH-10003774,Furniture,Chairs,"Global Wood Trimmed Manager's Task Chair, Khaki"
237,FUR-TA-10002855,Furniture,Tables,Bevis Round Conference Table Top & Single Column Base
238,FUR-BO-10003034,Furniture,Bookcases,"O'Sullivan Elevations Bookcase, Cherry Finish"
239,FUR-CH-10003833,Furniture,Chairs,Novimex Fabric Task Chair
240,FUR-FU-10003142,Furniture,Furnishings,"Master Big Foot Doorstop, Beige"
241,FUR-TA-10003954,Furniture,Tables,Hon 94000 Series Round Tables
242,FUR-BO-10002213,Furniture,Bookcases,DMI Eclipse Executive Suite Bookcases
243,FUR-FU-10003623,Furniture,Furnishings,"DataProducts Ampli Magnifier Task Lamp, Black,"
244,FUR-FU-10002364,Furniture,Furnishings,"Eldon Expressions Wood Desk Accessories, Oak"
245,FUR-TA-10003238,Furniture,Tables,"Chromcraft Bull-Nose Wood 48"" x 96"" Rectangular Conference Tables"
246,FUR-CH-10002084,Furniture,Chairs,Hon Mobius Operator's Chair
247,FUR-FU-10004748,Furniture,Furnishings,"Howard Miller 16"" Diameter Gallery Wall Clock"
248,FUR-CH-10000553,Furniture,Chairs,"Metal Folding Chairs, Beige, 4/Carton"
249,FUR-BO-10002202,Furniture,Bookcases,"Atlantic Metals Mobile 2-Shelf Bookcases, Custom Colors"
250,FUR-FU-10004597,Furniture,Furnishings,Eldon Cleatmat Chair Mats for Medium Pile Carpets
251,FUR-FU-10000308,Furniture,Furnishings,Deflect-o Glass Clear Studded Chair Mats
252,FUR-TA-10001866,Furniture,Tables,Bevis Round Conference Room Tables and Bases
253,FUR-TA-10001950,Furniture,Tables,Balt Solid Wood Round Tables
254,FUR-FU-10001468,Furniture,Furnishings,Tenex Antistatic Computer Chair Mats
255,FUR-FU-10002501,Furniture,Furnishings,Nu-Dell Executive Frame
256,FUR-CH-10001714,Furniture,Chairs,"Global Leather & Oak Executive Chair, Burgundy"
257,FUR-FU-10002298,Furniture,Furnishings,"Rubbermaid ClusterMat Chairmats, Mat Size- 66"" x 60"", Lip 20"" x 11"" -90 Degree Angle"
258,FUR-BO-10000780,Furniture,Bookcases,O'Sullivan Plantations 2-Door Library in Landvery Oak
259,FUR-TA-10002645,Furniture,Tables,Hon Rectangular Conference Tables
260,FUR-CH-10002439,Furniture,Chairs,"Iceberg Nesting Folding Chair, 19w x 6d x 43h"
261,FUR-TA-10000849,Furniture,Tables,Bevis Rectangular Conference Tables
262,FUR-FU-10002107,Furniture,Furnishings,Eldon Pizzaz Desk Accessories
263,FUR-CH-10001190,Furniture,Chairs,Global Deluxe High-Back Office Chair in Storm
264,FUR-BO-10003450,Furniture,Bookcases,"Bush Westfield Collection Bookcases, Dark Cherry Finish"
265,FUR-FU-10004665,Furniture,Furnishings,"3M Polarizing Task Lamp with Clamp Arm, Light Gray"
266,FUR-FU-10004909,Furniture,Furnishings,Contemporary Wood/Metal Frame
267,FUR-BO-10004357,Furniture,Bookcases,O'Sullivan Living Dimensions 3-Shelf Bookcases
268,FUR-FU-10004587,Furniture,Furnishings,"GE General Use Halogen Bulbs, 100 Watts, 1 Bulb per Pack"
269,FUR-FU-10001847,Furniture,Furnishings,Eldon Image Series Black Desk Accessories
270,FUR-FU-10002045,Furniture,Furnishings,"Executive Impressions 14"""
271,FUR-FU-10004671,Furniture,Furnishings,"Executive Impressions 12"" Wall Clock"
272,FUR-TA-10003569,Furniture,Tables,Bretford CR8500 Series Meeting Room Furniture
273,FUR-CH-10002017,Furniture,Chairs,SAFCO Optional Arm Kit for Workspace Cribbage Stacking Chair
274,FUR-FU-10003829,Furniture,Furnishings,Stackable Trays
275,FUR-BO-10003404,Furniture,Bookcases,"Global Adaptabilites Bookcase, Cherry/Storm Gray Finish"
276,FUR-CH-10003761,Furniture,Chairs,Global Italian Leather Office Chair
277,FUR-FU-10001876,Furniture,Furnishings,"Computer Room Manger, 14"""
278,FUR-CH-10002758,Furniture,Chairs,"Hon Deluxe Fabric Upholstered Stacking Chairs, Squared Back"
279,FUR-FU-10001185,Furniture,Furnishings,"Advantus Employee of the Month Certificate Frame, 11 x 13-1/2"
280,FUR-FU-10003832,Furniture,Furnishings,"Eldon Expressions Punched Metal & Wood Desk Accessories, Black & Cherry"
281,FUR-FU-10000409,Furniture,Furnishings,"GE 4 Foot Flourescent Tube, 40 Watt"
282,FUR-FU-10001546,Furniture,Furnishings,Dana Swing-Arm Lamps
283,FUR-FU-10000771,Furniture,Furnishings,"Eldon 200 Class Desk Accessories, Smoke"
284,FUR-FU-10002116,Furniture,Furnishings,"Tenex Carpeted, Granite-Look or Clear Contemporary Contour Shape Chair Mats"
285,FUR-CH-10000422,Furniture,Chairs,Global Highback Leather Tilter in Burgundy
286,FUR-FU-10002685,Furniture,Furnishings,"Executive Impressions 13-1/2"" Indoor/Outdoor Wall Clock"
287,FUR-FU-10004963,Furniture,Furnishings,"Eldon 400 Class Desk Accessories, Black Carbon"
288,FUR-CH-10004875,Furniture,Chairs,Harbour Creations 67200 Series Stacking Chairs
289,FUR-FU-10000305,Furniture,Furnishings,"Tenex V2T-RE Standard Weight Series Chair Mat, 45"" x 53"", Lip 25"" x 12"""
290,FUR-FU-10002445,Furniture,Furnishings,"DAX Two-Tone Rosewood/Black Document Frame, Desktop, 5 x 7"
291,FUR-CH-10001797,Furniture,Chairs,"Safco Chair Connectors, 6/Carton"
292,FUR-FU-10000755,Furniture,Furnishings,Eldon Expressions Mahogany Wood Desk Collection
293,FUR-FU-10000550,Furniture,Furnishings,Stacking Trays by OIC
294,FUR-FU-10004666,Furniture,Furnishings,DAX Clear Channel Poster Frame
295,FUR-CH-10002320,Furniture,Chairs,Hon Pagoda Stacking Chairs
296,FUR-FU-10003247,Furniture,Furnishings,36X48 HARDFLOOR CHAIRMAT
297,FUR-TA-10003837,Furniture,Tables,Anderson Hickey Conga Table Tops & Accessories
298,FUR-FU-10002379,Furniture,Furnishings,Eldon Econocleat Chair Mats for Low Pile Carpets
299,FUR-BO-10003660,Furniture,Bookcases,"Bush Cubix Collection Bookcases, Fully Assembled"
300,FUR-FU-10003464,Furniture,Furnishings,"Seth Thomas 8 1/2"" Cubicle Clock"
301,FUR-FU-10004586,Furniture,Furnishings,G.E. Longer-Life Indoor Recessed Floodlight Bulbs
302,FUR-CH-10004495,Furniture,Chairs,"Global Leather and Oak Executive Chair, Black"
303,FUR-FU-10002963,Furniture,Furnishings,"Master Caster Door Stop, Gray"
304,FUR-FU-10000193,Furniture,Furnishings,Tenex Chairmats For Use with Hard Floors
305,FUR-BO-10002916,Furniture,Bookcases,"Rush Hierlooms Collection 1"" Thick Stackable Bookcases"
306,FUR-TA-10004152,Furniture,Tables,"Barricks 18"" x 48"" Non-Folding Utility Table with Bottom Storage Shelf"
307,FUR-FU-10000672,Furniture,Furnishings,"Executive Impressions 10"" Spectator Wall Clock"
308,FUR-BO-10002598,Furniture,Bookcases,"Hon Metal Bookcases, Putty"
309,FUR-FU-10000320,Furniture,Furnishings,OIC Stacking Trays
310,FUR-CH-10003535,Furniture,Chairs,"Global Armless Task Chair, Royal Blue"
311,FUR-FU-10003919,Furniture,Furnishings,Eldon Executive Woodline II Cherry Finish Desk Accessories
312,FUR-FU-10002703,Furniture,Furnishings,"Tenex Traditional Chairmats for Hard Floors, Average Lip, 36"" x 48"""
313,FUR-BO-10001608,Furniture,Bookcases,"Hon Metal Bookcases, Black"
314,FUR-BO-10000112,Furniture,Bookcases,"Bush Birmingham Collection Bookcase, Dark Cherry"
315,FUR-FU-10001731,Furniture,Furnishings,Acrylic Self-Standing Desk Frames
316,FUR-FU-10003026,Furniture,Furnishings,"Eldon Regeneration Recycled Desk Accessories, Black"
317,FUR-CH-10004983,Furniture,Chairs,Office Star - Mid Back Dual function Ergonomic High Back Chair with 2-Way Adjustable Arms
318,FUR-TA-10003469,Furniture,Tables,Balt Split Level Computer Training Table
319,FUR-CH-10003606,Furniture,Chairs,SAFCO Folding Chair Trolley
320,FUR-CH-10003298,Furniture,Chairs,"Office Star - Contemporary Task Swivel chair with Loop Arms, Charcoal"
321,FUR-FU-10004164,Furniture,Furnishings,"Eldon 300 Class Desk Accessories, Black"
322,FUR-FU-10004904,Furniture,Furnishings,"Eldon ""L"" Workstation Diamond Chairmat"
323,FUR-FU-10002396,Furniture,Furnishings,"DAX Copper Panel Document Frame, 5 x 7 Size"
324,FUR-BO-10004218,Furniture,Bookcases,"Bush Heritage Pine Collection 5-Shelf Bookcase, Albany Pine Finish, *Special Order"
325,FUR-FU-10001085,Furniture,Furnishings,3M Polarizing Light Filter Sleeves
326,FUR-FU-10003731,Furniture,Furnishings,"Eldon Expressions Wood and Plastic Desk Accessories, Oak"
327,FUR-FU-10003798,Furniture,Furnishings,"Ultra Door Kickplate, 8""H x 34""W"
328,FUR-FU-10001215,Furniture,Furnishings,"Howard Miller 11-1/2"" Diameter Brentwood Wall Clock"
329,FUR-BO-10000711,Furniture,Bookcases,"Hon Metal Bookcases, Gray"
330,FUR-BO-10004360,Furniture,Bookcases,Rush Hierlooms Collection Rich Wood Bookcases
331,FUR-CH-10000229,Furniture,Chairs,Global Enterprise Series Seating High-Back Swivel/Tilt Chairs
332,FUR-BO-10002853,Furniture,Bookcases,O'Sullivan 5-Shelf Heavy-Duty Bookcases
333,FUR-BO-10003894,Furniture,Bookcases,"Safco Value Mate Steel Bookcase, Baked Enamel Finish on Steel, Black"
334,FUR-FU-10003930,Furniture,Furnishings,Howard Miller 12-3/4 Diameter Accuwave DS  Wall Clock
335,FUR-FU-10000175,Furniture,Furnishings,DAX Wood Document Frame.
336,FUR-FU-10004053,Furniture,Furnishings,DAX Two-Tone Silver Metal Document Frame
337,FUR-BO-10004690,Furniture,Bookcases,O'Sullivan Cherrywood Estates Traditional Barrister Bookcase
338,FUR-BO-10003546,Furniture,Bookcases,Hon 4-Shelf Metal Bookcases
339,FUR-TA-10003392,Furniture,Tables,Global Adaptabilities Conference Tables
340,FUR-TA-10004442,Furniture,Tables,Riverside Furniture Stanwyck Manor Table Series
341,FUR-FU-10002111,Furniture,Furnishings,"Master Caster Door Stop, Large Brown"
342,FUR-FU-10003424,Furniture,Furnishings,Nu-Dell Oak Frame
343,FUR-FU-10002508,Furniture,Furnishings,Document Clip Frames
344,FUR-FU-10000719,Furniture,Furnishings,"DAX Cubicle Frames, 8-1/2 x 11"
345,FUR-BO-10003893,Furniture,Bookcases,Sauder Camden County Collection Library
346,FUR-CH-10000749,Furniture,Chairs,Office Star - Ergonomic Mid Back Chair with 2-Way Adjustable Arms
347,FUR-FU-10002813,Furniture,Furnishings,"DAX Contemporary Wood Frame with Silver Metal Mat, Desktop, 11 x 14 Size"
348,FUR-FU-10004845,Furniture,Furnishings,"Deflect-o EconoMat Nonstudded, No Bevel Mat"
349,FUR-CH-10001802,Furniture,Chairs,Hon Every-Day Chair Series Swivel Task Chairs
350,FUR-CH-10004626,Furniture,Chairs,Office Star Flex Back Scooter Chair with Aluminum Finish Frame
351,FUR-FU-10001025,Furniture,Furnishings,"Eldon ImËge Series Desk Accessories, Clear"
352,FUR-TA-10001691,Furniture,Tables,"Barricks Non-Folding Utility Table with Steel Legs, Laminate Tops"
353,FUR-FU-10003192,Furniture,Furnishings,Luxo Adjustable Task Clamp Lamp
354,FUR-TA-10001771,Furniture,Tables,"Bush Cubix Conference Tables, Fully Assembled"
355,FUR-CH-10002044,Furniture,Chairs,"Office Star - Contemporary Task Swivel chair with 2-way adjustable arms, Plum"
356,FUR-TA-10001086,Furniture,Tables,"SAFCO PlanMaster Boards, 60w x 37-1/2d, White Melamine"
357,FUR-CH-10001545,Furniture,Chairs,Hon Comfortask Task/Swivel Chairs
358,FUR-FU-10004245,Furniture,Furnishings,"Career Cubicle Clock, 8 1/4"", Black"
359,FUR-FU-10000747,Furniture,Furnishings,Tenex B1-RE Series Chair Mats for Low Pile Carpets
360,FUR-FU-10002874,Furniture,Furnishings,Ultra Commercial Grade Dual Valve Door Closer
361,FUR-FU-10003489,Furniture,Furnishings,Contemporary Borderless Frame
362,FUR-FU-10003095,Furniture,Furnishings,"Linden 12"" Wall Clock With Oak Frame"
363,FUR-FU-10000820,Furniture,Furnishings,Tensor Brushed Steel Torchiere Floor Lamp
364,FUR-FU-10002240,Furniture,Furnishings,Nu-Dell EZ-Mount Plastic Wall Frames
365,FUR-FU-10001057,Furniture,Furnishings,Tensor Track Tree Floor Lamp
366,FUR-CH-10002073,Furniture,Chairs,Hon Olson Stacker Chairs
367,FUR-FU-10000277,Furniture,Furnishings,Deflect-o DuraMat Antistatic Studded Beveled Mat for Medium Pile Carpeting
368,FUR-FU-10003806,Furniture,Furnishings,"Tenex Chairmat w/ Average Lip, 45"" x 53"""
369,FUR-FU-10003374,Furniture,Furnishings,Electrix Fluorescent Magnifier Lamps & Weighted Base
370,FUR-FU-10002506,Furniture,Furnishings,"Tensor ""Hersey Kiss"" Styled Floor Lamp"
371,FUR-BO-10001567,Furniture,Bookcases,"Bush Westfield Collection Bookcases, Dark Cherry Finish, Fully Assembled"
372,FUR-FU-10001379,Furniture,Furnishings,"Executive Impressions 16-1/2"" Circular Wall Clock"
373,FUR-FU-10002030,Furniture,Furnishings,"Executive Impressions 14"" Contract Wall Clock with Quartz Movement"
374,FUR-CH-10002317,Furniture,Chairs,Global Enterprise Series Seating Low-Back Swivel/Tilt Chairs
375,FUR-CH-10002780,Furniture,Chairs,Office Star - Task Chair with Contemporary Loop Arms
